-- phpMyAdmin SQL Dump
-- version 4.8.0.1
-- https://www.phpmyadmin.net/
--
-- Host: 127.0.0.1
-- Czas generowania: 11 Paź 2019, 23:51
-- Wersja serwera: 10.1.32-MariaDB
-- Wersja PHP: 7.2.5

SET SQL_MODE = "NO_AUTO_VALUE_ON_ZERO";
SET AUTOCOMMIT = 0;
START TRANSACTION;
SET time_zone = "+00:00";


/*!40101 SET @OLD_CHARACTER_SET_CLIENT=@@CHARACTER_SET_CLIENT */;
/*!40101 SET @OLD_CHARACTER_SET_RESULTS=@@CHARACTER_SET_RESULTS */;
/*!40101 SET @OLD_COLLATION_CONNECTION=@@COLLATION_CONNECTION */;
/*!40101 SET NAMES utf8mb4 */;

--
-- Baza danych: `manager`
--

-- --------------------------------------------------------

--
-- Struktura tabeli dla tabeli `data_names`
--

CREATE TABLE `data_names` (
  `id` bigint(20) UNSIGNED NOT NULL,
  `name` varchar(191) COLLATE utf8mb4_unicode_ci NOT NULL
) ENGINE=InnoDB DEFAULT CHARSET=utf8mb4 COLLATE=utf8mb4_unicode_ci;

--
-- Zrzut danych tabeli `data_names`
--

INSERT INTO `data_names` (`id`, `name`) VALUES
(8, 'Mariusz'),
(9, 'Adam'),
(10, 'Aleks'),
(11, 'Alexander'),
(12, 'Aureliusz'),
(13, 'Błażej'),
(15, 'Bogumił'),
(16, 'Cyprian'),
(17, 'Dariusz'),
(18, 'Daniel'),
(19, 'Damian'),
(20, 'Emil'),
(21, 'Florian'),
(22, 'Gustaw'),
(23, 'Ireneusz'),
(24, 'Jonasz'),
(25, 'Kacper'),
(26, 'Konrad'),
(27, 'Robert'),
(28, 'Łukasz'),
(29, 'Jerzy'),
(30, 'Rafał'),
(31, 'Piotr'),
(32, 'Dawid'),
(33, 'Kamil'),
(34, 'Tomasz'),
(35, 'Bartosz'),
(36, 'Emmanuel'),
(37, 'Marcin');

-- --------------------------------------------------------

--
-- Struktura tabeli dla tabeli `data_surnames`
--

CREATE TABLE `data_surnames` (
  `id` bigint(20) UNSIGNED NOT NULL,
  `surname` varchar(191) COLLATE utf8mb4_unicode_ci NOT NULL
) ENGINE=InnoDB DEFAULT CHARSET=utf8mb4 COLLATE=utf8mb4_unicode_ci;

--
-- Zrzut danych tabeli `data_surnames`
--

INSERT INTO `data_surnames` (`id`, `surname`) VALUES
(5, 'Truszewski'),
(6, 'Bereszyński'),
(7, 'Fabiański'),
(8, 'Glik'),
(9, 'Kędziora'),
(10, 'Bielik'),
(11, 'Bednarek'),
(12, 'Grosicki'),
(13, 'Lewandowski'),
(14, 'Kucharczyk'),
(15, 'Kownacki'),
(16, 'Zieliński'),
(17, 'Krychowiak'),
(18, 'Majdan'),
(19, 'Matysek'),
(20, 'Kryszałowicz'),
(21, 'Olisadebe'),
(22, 'Żewłakow'),
(23, 'Dudek'),
(24, 'Piątek'),
(25, 'Niedziela'),
(26, 'Niedzielan'),
(27, 'Bąk'),
(28, 'Wałdoch'),
(29, 'Hajto'),
(30, 'Szymkowiak'),
(31, 'Małecki'),
(32, 'Świerczewski'),
(33, 'Radomski');

-- --------------------------------------------------------

--
-- Struktura tabeli dla tabeli `failed_jobs`
--

CREATE TABLE `failed_jobs` (
  `id` bigint(20) UNSIGNED NOT NULL,
  `connection` text COLLATE utf8mb4_unicode_ci NOT NULL,
  `queue` text COLLATE utf8mb4_unicode_ci NOT NULL,
  `payload` longtext COLLATE utf8mb4_unicode_ci NOT NULL,
  `exception` longtext COLLATE utf8mb4_unicode_ci NOT NULL,
  `failed_at` timestamp NOT NULL DEFAULT CURRENT_TIMESTAMP
) ENGINE=InnoDB DEFAULT CHARSET=utf8mb4 COLLATE=utf8mb4_unicode_ci;

-- --------------------------------------------------------

--
-- Struktura tabeli dla tabeli `migrations`
--

CREATE TABLE `migrations` (
  `id` int(10) UNSIGNED NOT NULL,
  `migration` varchar(191) COLLATE utf8mb4_unicode_ci NOT NULL,
  `batch` int(11) NOT NULL
) ENGINE=InnoDB DEFAULT CHARSET=utf8mb4 COLLATE=utf8mb4_unicode_ci;

--
-- Zrzut danych tabeli `migrations`
--

INSERT INTO `migrations` (`id`, `migration`, `batch`) VALUES
(41, '2014_10_12_000000_create_users_table', 1),
(42, '2014_10_12_100000_create_password_resets_table', 1),
(43, '2019_08_19_000000_create_failed_jobs_table', 1),
(44, '2019_09_08_192237_create_roles_table', 1),
(45, '2019_09_08_192323_create_roles_user_table', 1),
(46, '2019_09_08_231020_create_team', 1),
(47, '2019_09_08_231038_create_team_user_table', 1),
(49, '2019_09_10_150006_create_data_names_table', 1),
(50, '2019_09_10_150039_create_data_surnames_table', 1),
(55, '2019_09_12_233023_create_user_tactics_table', 2),
(56, '2019_09_09_165529_create_players_table', 3);

-- --------------------------------------------------------

--
-- Struktura tabeli dla tabeli `password_resets`
--

CREATE TABLE `password_resets` (
  `email` varchar(191) COLLATE utf8mb4_unicode_ci NOT NULL,
  `token` varchar(191) COLLATE utf8mb4_unicode_ci NOT NULL,
  `created_at` timestamp NULL DEFAULT NULL
) ENGINE=InnoDB DEFAULT CHARSET=utf8mb4 COLLATE=utf8mb4_unicode_ci;

-- --------------------------------------------------------

--
-- Struktura tabeli dla tabeli `players`
--

CREATE TABLE `players` (
  `id` bigint(20) UNSIGNED NOT NULL,
  `team_id` int(10) UNSIGNED NOT NULL,
  `name` varchar(191) COLLATE utf8mb4_unicode_ci NOT NULL,
  `surname` varchar(191) COLLATE utf8mb4_unicode_ci NOT NULL,
  `number` int(11) NOT NULL,
  `age` date NOT NULL,
  `height` int(11) NOT NULL,
  `weight` int(11) NOT NULL,
  `foot` varchar(191) COLLATE utf8mb4_unicode_ci NOT NULL,
  `speed` decimal(4,2) NOT NULL,
  `stamina` decimal(4,2) NOT NULL,
  `intelligence` decimal(4,2) NOT NULL,
  `short_pass` decimal(4,2) NOT NULL,
  `long_pass` decimal(4,2) NOT NULL,
  `ball_control` decimal(4,2) NOT NULL,
  `heading` decimal(4,2) NOT NULL,
  `shooting` decimal(4,2) NOT NULL,
  `tackling` decimal(4,2) NOT NULL,
  `set_plays` decimal(4,2) NOT NULL,
  `keeping` decimal(4,2) NOT NULL,
  `experience` decimal(4,2) NOT NULL,
  `form` decimal(4,2) NOT NULL,
  `created_at` timestamp NULL DEFAULT NULL,
  `updated_at` timestamp NULL DEFAULT NULL
) ENGINE=InnoDB DEFAULT CHARSET=utf8mb4 COLLATE=utf8mb4_unicode_ci;

--
-- Zrzut danych tabeli `players`
--

INSERT INTO `players` (`id`, `team_id`, `name`, `surname`, `number`, `age`, `height`, `weight`, `foot`, `speed`, `stamina`, `intelligence`, `short_pass`, `long_pass`, `ball_control`, `heading`, `shooting`, `tackling`, `set_plays`, `keeping`, `experience`, `form`, `created_at`, `updated_at`) VALUES
(29, 9, 'Konrad', 'Małecki', 171, '1994-01-26', 185, 81, 'B', '4.00', '6.80', '3.00', '2.10', '9.00', '4.00', '2.00', '4.80', '2.30', '5.80', '6.30', '1.20', '5.70', '2019-09-13 19:50:44', '2019-09-13 19:50:44'),
(30, 9, 'Emil', 'Dudek', 81, '1996-10-27', 174, 67, 'L', '6.00', '6.60', '5.50', '4.70', '8.00', '5.40', '3.00', '6.80', '3.00', '7.20', '4.90', '1.80', '6.20', '2019-09-13 19:50:44', '2019-09-13 19:50:44'),
(31, 9, 'Aureliusz', 'Hajto', 65, '1993-07-06', 167, 74, 'B', '9.00', '9.00', '3.10', '5.80', '6.50', '3.10', '7.30', '6.80', '1.10', '8.00', '6.20', '9.00', '3.80', '2019-09-13 19:50:44', '2019-09-13 19:50:44'),
(32, 9, 'Bartosz', 'Hajto', 128, '1990-11-20', 182, 83, 'B', '5.00', '8.30', '8.90', '8.90', '3.80', '2.00', '4.80', '3.50', '6.40', '3.60', '8.60', '6.00', '3.10', '2019-09-13 19:50:44', '2019-09-13 19:50:44'),
(33, 9, 'Marcin', 'Kownacki', 80, '1996-02-20', 169, 71, 'B', '8.00', '7.00', '5.40', '4.20', '2.00', '1.60', '3.40', '4.10', '8.00', '8.00', '3.70', '4.00', '2.90', '2019-09-13 19:50:44', '2019-09-13 19:50:44'),
(34, 9, 'Florian', 'Niedzielan', 52, '1999-05-11', 178, 80, 'B', '5.00', '4.00', '8.00', '5.50', '2.00', '5.80', '4.30', '1.50', '4.60', '1.40', '5.60', '1.20', '1.00', '2019-09-13 19:50:44', '2019-09-13 19:50:44'),
(35, 9, 'Łukasz', 'Niedziela', 55, '1992-10-12', 175, 81, 'R', '1.00', '8.20', '4.40', '4.30', '1.60', '4.10', '6.20', '8.60', '4.80', '7.40', '5.00', '1.20', '4.60', '2019-09-13 19:50:44', '2019-09-13 19:50:44'),
(36, 9, 'Damian', 'Kownacki', 77, '1997-04-12', 166, 70, 'B', '3.00', '5.10', '4.60', '3.30', '6.90', '4.30', '6.40', '2.70', '4.00', '5.00', '9.00', '2.20', '0.90', '2019-09-13 19:50:44', '2019-09-13 19:50:44'),
(37, 9, 'Tomasz', 'Krychowiak', 145, '1997-08-15', 193, 88, 'R', '9.00', '6.30', '9.00', '5.70', '1.60', '4.80', '5.30', '2.00', '5.60', '2.00', '3.60', '3.20', '0.30', '2019-09-13 19:50:44', '2019-09-13 19:50:44'),
(38, 9, 'Daniel', 'Niedziela', 65, '2000-05-02', 156, 55, 'R', '4.00', '4.90', '3.30', '1.00', '5.00', '3.50', '3.50', '2.80', '3.50', '3.00', '3.00', '7.70', '3.50', '2019-09-13 19:50:44', '2019-09-13 19:50:44'),
(39, 9, 'Daniel', 'Małecki', 158, '1996-12-28', 196, 91, 'L', '8.00', '6.90', '7.00', '6.80', '6.10', '3.70', '2.00', '2.60', '6.00', '5.00', '6.80', '3.10', '1.80', '2019-09-13 19:50:44', '2019-09-13 19:50:44'),
(40, 9, 'Florian', 'Radomski', 127, '1993-11-06', 154, 62, 'L', '7.00', '6.70', '3.60', '4.50', '2.40', '4.00', '6.20', '2.70', '1.70', '5.10', '5.70', '6.80', '1.60', '2019-09-13 19:50:44', '2019-09-13 19:50:44'),
(41, 9, 'Florian', 'Olisadebe', 122, '1990-10-27', 159, 55, 'R', '5.00', '8.90', '2.30', '2.00', '4.40', '7.40', '8.70', '7.00', '2.60', '8.40', '1.50', '7.50', '7.40', '2019-09-13 19:50:44', '2019-09-13 19:50:44'),
(42, 9, 'Łukasz', 'Niedzielan', 85, '1991-12-01', 150, 47, 'R', '5.00', '8.60', '7.30', '7.30', '8.20', '2.60', '6.00', '2.60', '4.40', '4.80', '7.10', '1.10', '4.10', '2019-09-13 19:50:44', '2019-09-13 19:50:44'),
(43, 9, 'Bartosz', 'Bielik', 65, '1993-10-30', 175, 69, 'B', '2.00', '6.40', '7.40', '3.90', '5.50', '6.80', '2.80', '2.20', '1.20', '2.80', '5.00', '8.20', '3.70', '2019-09-13 19:50:44', '2019-09-13 19:50:44'),
(44, 9, 'Ireneusz', 'Żewłakow', 22, '1996-09-13', 191, 89, 'L', '6.00', '7.20', '4.30', '5.00', '4.50', '6.30', '1.90', '1.30', '2.80', '6.30', '7.50', '3.10', '7.00', '2019-09-13 19:50:44', '2019-09-13 19:50:44'),
(45, 9, 'Rafał', 'Olisadebe', 125, '1997-04-28', 196, 94, 'B', '4.00', '6.90', '6.00', '3.00', '2.00', '4.60', '3.30', '4.20', '4.20', '4.50', '1.10', '6.00', '0.80', '2019-09-13 19:50:44', '2019-09-13 19:50:44'),
(46, 9, 'Cyprian', 'Olisadebe', 169, '1998-10-12', 156, 60, 'R', '2.00', '5.70', '4.50', '2.90', '1.20', '2.70', '4.20', '1.60', '2.80', '4.20', '6.00', '4.60', '1.20', '2019-09-13 19:50:44', '2019-09-13 19:50:44'),
(47, 9, 'Bartosz', 'Szymkowiak', 152, '1994-12-31', 178, 87, 'L', '7.00', '6.80', '3.20', '5.20', '1.30', '8.20', '2.10', '5.80', '5.30', '5.40', '3.00', '3.70', '6.70', '2019-09-13 19:50:44', '2019-09-13 19:50:44'),
(48, 9, 'Dariusz', 'Bąk', 12, '1996-08-29', 163, 54, 'R', '1.00', '8.00', '7.10', '4.60', '4.00', '2.70', '1.90', '6.60', '3.70', '7.00', '7.00', '3.30', '6.60', '2019-09-13 19:50:44', '2019-09-13 19:50:44'),
(49, 9, 'Florian', 'Majdan', 27, '1999-04-15', 155, 45, 'R', '4.00', '5.00', '2.00', '2.60', '7.80', '3.60', '1.10', '6.00', '1.80', '1.00', '2.10', '7.70', '3.30', '2019-09-13 19:50:44', '2019-09-13 19:50:44'),
(50, 9, 'Dawid', 'Grosicki', 183, '1991-03-30', 193, 84, 'L', '8.00', '8.00', '9.00', '8.90', '1.70', '8.20', '5.00', '6.10', '8.70', '7.20', '5.00', '9.00', '6.10', '2019-09-13 19:50:44', '2019-09-13 19:50:44'),
(51, 9, 'Tomasz', 'Kucharczyk', 188, '1992-11-13', 151, 50, 'L', '7.00', '8.10', '7.70', '4.90', '6.20', '4.20', '6.70', '4.30', '9.60', '1.30', '5.60', '5.00', '9.90', '2019-09-13 19:50:44', '2019-09-13 19:50:44'),
(52, 9, 'Daniel', 'Kownacki', 189, '1998-07-21', 194, 85, 'B', '4.00', '4.90', '4.40', '2.70', '2.00', '1.50', '3.00', '1.70', '5.30', '1.20', '5.10', '5.80', '3.00', '2019-09-13 19:50:44', '2019-09-13 19:50:44'),
(53, 9, 'Tomasz', 'Krychowiak', 30, '2001-03-15', 196, 93, 'L', '8.00', '5.90', '7.60', '6.60', '4.90', '3.80', '4.50', '1.70', '4.00', '4.80', '3.30', '1.20', '0.70', '2019-09-13 19:50:44', '2019-09-13 19:50:44'),
(54, 9, 'Jonasz', 'Truszewski', 153, '1993-09-18', 198, 100, 'B', '9.00', '5.10', '7.80', '9.00', '5.00', '6.70', '1.20', '6.00', '2.70', '5.70', '6.20', '6.70', '0.80', '2019-09-13 19:50:44', '2019-09-13 19:50:44'),
(55, 10, 'Kacper', 'Matysek', 82, '1991-03-05', 163, 73, 'B', '7.00', '8.60', '1.00', '6.90', '5.60', '3.60', '8.80', '3.70', '9.00', '2.40', '2.50', '2.30', '8.40', '2019-09-13 20:40:55', '2019-09-13 20:40:55'),
(56, 10, 'Rafał', 'Kownacki', 119, '1998-06-17', 183, 86, 'L', '3.00', '4.10', '3.50', '4.60', '5.00', '4.10', '7.00', '2.90', '1.10', '3.50', '3.80', '2.70', '1.00', '2019-09-13 20:40:55', '2019-09-13 20:40:55'),
(57, 10, 'Kacper', 'Kownacki', 58, '2000-01-15', 192, 87, 'L', '9.00', '6.50', '1.60', '4.00', '6.40', '1.40', '3.30', '9.00', '3.90', '1.00', '3.80', '9.00', '0.10', '2019-09-13 20:40:55', '2019-09-13 20:40:55'),
(58, 10, 'Bartosz', 'Bąk', 135, '1999-01-11', 184, 92, 'B', '3.00', '6.80', '2.00', '1.30', '1.00', '3.90', '4.60', '1.40', '5.60', '3.00', '3.30', '6.10', '4.60', '2019-09-13 20:40:55', '2019-09-13 20:40:55'),
(59, 10, 'Kacper', 'Kędziora', 157, '1991-08-20', 166, 74, 'B', '7.00', '8.90', '8.10', '2.00', '6.00', '4.70', '4.30', '4.60', '4.50', '1.60', '8.10', '4.70', '2.40', '2019-09-13 20:40:55', '2019-09-13 20:40:55'),
(60, 10, 'Cyprian', 'Hajto', 76, '1997-02-05', 181, 91, 'R', '1.00', '5.70', '5.00', '4.60', '4.70', '2.70', '1.00', '6.90', '6.50', '5.20', '4.20', '7.80', '0.60', '2019-09-13 20:40:56', '2019-09-13 20:40:56'),
(61, 10, 'Konrad', 'Niedziela', 76, '1993-02-09', 185, 94, 'L', '7.00', '8.00', '4.00', '5.90', '8.20', '9.00', '6.50', '2.80', '9.00', '1.00', '7.60', '3.30', '7.70', '2019-09-13 20:40:56', '2019-09-13 20:40:56'),
(62, 10, 'Cyprian', 'Bereszyński', 74, '1992-08-07', 177, 68, 'B', '9.00', '8.20', '3.00', '3.40', '1.20', '8.70', '4.00', '3.90', '8.10', '2.30', '7.40', '4.00', '7.50', '2019-09-13 20:40:56', '2019-09-13 20:40:56'),
(63, 10, 'Mariusz', 'Truszewski', 188, '2000-12-12', 186, 80, 'B', '8.00', '4.30', '1.10', '6.00', '5.20', '1.90', '2.00', '3.90', '6.00', '3.20', '2.30', '4.10', '2.90', '2019-09-13 20:40:56', '2019-09-13 20:40:56'),
(64, 10, 'Dariusz', 'Bednarek', 19, '1997-04-29', 157, 53, 'B', '3.00', '6.10', '1.00', '6.60', '6.00', '2.50', '1.80', '4.90', '4.90', '1.60', '7.60', '6.80', '5.80', '2019-09-13 20:40:56', '2019-09-13 20:40:56'),
(65, 10, 'Piotr', 'Wałdoch', 175, '1996-07-21', 155, 55, 'B', '3.00', '6.70', '1.20', '5.70', '2.50', '1.20', '2.90', '3.70', '3.00', '5.00', '1.00', '7.00', '5.20', '2019-09-13 20:40:56', '2019-09-13 20:40:56'),
(66, 10, 'Emil', 'Hajto', 48, '1992-08-11', 200, 98, 'B', '5.00', '8.60', '3.00', '6.80', '8.00', '7.00', '7.10', '2.90', '6.80', '7.90', '5.00', '3.10', '8.00', '2019-09-13 20:40:56', '2019-09-13 20:40:56'),
(67, 10, 'Alexander', 'Olisadebe', 84, '1990-11-06', 150, 46, 'B', '8.00', '8.20', '2.00', '7.40', '3.20', '3.40', '4.00', '3.80', '3.00', '5.30', '2.00', '5.40', '5.30', '2019-09-13 20:40:56', '2019-09-13 20:40:56'),
(68, 10, 'Tomasz', 'Świerczewski', 156, '1998-03-24', 172, 73, 'B', '4.00', '4.90', '1.00', '3.30', '4.10', '2.00', '2.60', '4.70', '3.00', '6.00', '4.40', '1.00', '0.40', '2019-09-13 20:40:56', '2019-09-13 20:40:56'),
(69, 10, 'Jerzy', 'Niedziela', 129, '2000-06-22', 169, 65, 'L', '5.00', '4.60', '2.00', '2.00', '4.80', '6.00', '7.00', '9.00', '4.40', '4.40', '4.20', '9.00', '2.70', '2019-09-13 20:40:56', '2019-09-13 20:40:56'),
(70, 10, 'Dawid', 'Małecki', 113, '1995-08-21', 169, 59, 'B', '6.00', '5.30', '4.30', '2.20', '2.00', '6.90', '3.60', '1.90', '2.80', '5.20', '5.70', '1.70', '0.00', '2019-09-13 20:40:56', '2019-09-13 20:40:56'),
(71, 10, 'Piotr', 'Kędziora', 200, '1996-08-11', 165, 74, 'L', '6.00', '8.60', '5.20', '1.10', '5.20', '7.70', '1.10', '8.80', '4.40', '7.80', '1.10', '2.60', '1.00', '2019-09-13 20:40:56', '2019-09-13 20:40:56'),
(72, 10, 'Błażej', 'Matysek', 108, '1993-08-03', 192, 89, 'R', '2.00', '8.70', '6.70', '5.70', '8.80', '2.30', '1.50', '8.90', '5.20', '6.20', '3.20', '4.00', '3.00', '2019-09-13 20:40:56', '2019-09-13 20:40:56'),
(73, 10, 'Błażej', 'Lewandowski', 38, '1998-07-04', 197, 94, 'B', '4.00', '4.30', '7.00', '3.60', '1.80', '6.00', '3.20', '2.40', '2.10', '2.00', '5.60', '3.60', '3.80', '2019-09-13 20:40:56', '2019-09-13 20:40:56'),
(74, 10, 'Konrad', 'Matysek', 33, '1994-11-29', 198, 95, 'R', '1.00', '7.10', '4.20', '5.90', '2.90', '6.30', '8.00', '1.40', '1.30', '7.10', '2.80', '1.40', '5.00', '2019-09-13 20:40:56', '2019-09-13 20:40:56'),
(75, 10, 'Rafał', 'Piątek', 151, '2001-04-20', 170, 65, 'L', '4.00', '5.20', '2.90', '8.00', '2.40', '4.30', '4.20', '1.20', '2.10', '4.20', '3.20', '2.50', '4.90', '2019-09-13 20:40:56', '2019-09-13 20:40:56'),
(76, 10, 'Florian', 'Radomski', 43, '2001-05-03', 155, 45, 'L', '6.00', '7.00', '3.60', '4.40', '4.90', '6.60', '2.10', '6.00', '3.10', '4.60', '9.00', '2.40', '2.50', '2019-09-13 20:40:56', '2019-09-13 20:40:56'),
(77, 10, 'Łukasz', 'Truszewski', 63, '1996-04-28', 152, 43, 'L', '8.00', '6.70', '6.00', '2.40', '4.70', '4.10', '4.10', '1.00', '3.00', '5.30', '1.60', '3.90', '5.50', '2019-09-13 20:40:56', '2019-09-13 20:40:56'),
(78, 10, 'Damian', 'Piątek', 163, '1990-09-01', 171, 78, 'R', '3.00', '8.60', '2.10', '2.00', '8.80', '4.00', '2.80', '3.50', '7.30', '9.00', '8.70', '6.00', '0.20', '2019-09-13 20:40:56', '2019-09-13 20:40:56'),
(79, 10, 'Cyprian', 'Matysek', 184, '1997-01-13', 177, 80, 'B', '1.00', '5.60', '5.10', '8.80', '6.90', '2.20', '3.60', '3.90', '8.10', '2.50', '6.20', '2.00', '1.50', '2019-09-13 20:40:56', '2019-09-13 20:40:56'),
(80, 10, 'Piotr', 'Kryszałowicz', 174, '1997-06-03', 179, 71, 'R', '4.00', '7.00', '4.00', '4.60', '1.40', '7.80', '4.90', '1.70', '4.60', '3.80', '1.80', '6.80', '4.60', '2019-09-13 20:40:56', '2019-09-13 20:40:56'),
(107, 12, 'Dariusz', 'Kędziora', 179, '1995-03-03', 165, 74, 'B', '8.00', '5.50', '6.50', '4.00', '6.30', '2.70', '8.60', '4.00', '7.00', '7.40', '5.30', '1.30', '2.90', '2019-09-14 00:29:08', '2019-09-14 00:29:08'),
(108, 12, 'Alexander', 'Zieliński', 53, '2000-06-23', 182, 79, 'R', '1.00', '4.60', '1.80', '3.60', '6.60', '4.60', '5.60', '2.70', '4.50', '5.00', '3.90', '2.60', '0.50', '2019-09-14 00:29:08', '2019-09-14 00:29:08'),
(109, 12, 'Adam', 'Matysek', 145, '1991-06-18', 170, 76, 'B', '2.00', '8.90', '3.30', '3.30', '7.40', '2.40', '5.40', '1.70', '6.00', '7.50', '1.30', '8.30', '3.40', '2019-09-14 00:29:08', '2019-09-14 00:29:08'),
(110, 12, 'Piotr', 'Glik', 6, '1990-10-02', 158, 50, 'B', '7.00', '8.80', '2.70', '4.70', '3.90', '5.20', '2.00', '3.00', '2.00', '4.80', '5.20', '2.20', '2.50', '2019-09-14 00:29:08', '2019-09-14 00:29:08'),
(111, 12, 'Tomasz', 'Majdan', 88, '1990-11-28', 198, 100, 'R', '8.00', '8.40', '6.50', '7.90', '4.20', '4.00', '7.00', '8.00', '1.40', '4.60', '9.00', '1.70', '8.10', '2019-09-14 00:29:08', '2019-09-14 00:29:08'),
(112, 12, 'Jonasz', 'Matysek', 81, '1998-06-06', 184, 88, 'L', '2.00', '5.00', '1.40', '7.80', '4.60', '8.60', '2.70', '3.80', '1.60', '4.00', '4.30', '2.50', '1.40', '2019-09-14 00:29:08', '2019-09-14 00:29:08'),
(113, 12, 'Gustaw', 'Fabiański', 76, '1995-04-23', 193, 87, 'B', '6.00', '5.10', '6.10', '3.30', '7.20', '4.60', '1.40', '1.20', '4.10', '2.50', '6.00', '4.00', '2.40', '2019-09-14 00:29:08', '2019-09-14 00:29:08'),
(114, 12, 'Robert', 'Bednarek', 128, '1999-09-09', 172, 81, 'L', '5.00', '5.00', '3.90', '3.50', '3.70', '4.70', '4.20', '6.70', '6.90', '4.70', '2.80', '6.30', '4.20', '2019-09-14 00:29:08', '2019-09-14 00:29:08'),
(115, 12, 'Aleks', 'Majdan', 99, '2001-08-01', 184, 91, 'B', '8.00', '6.80', '3.90', '3.70', '5.00', '9.00', '1.80', '4.50', '3.30', '5.00', '1.40', '1.50', '3.10', '2019-09-14 00:29:08', '2019-09-14 00:29:08'),
(116, 12, 'Robert', 'Majdan', 193, '1992-03-07', 186, 88, 'L', '5.00', '8.90', '9.00', '6.00', '7.70', '9.00', '3.60', '6.40', '8.60', '4.60', '2.80', '6.60', '1.70', '2019-09-14 00:29:08', '2019-09-14 00:29:08'),
(117, 12, 'Rafał', 'Bednarek', 198, '1999-08-19', 185, 88, 'B', '9.00', '4.90', '1.50', '5.50', '2.60', '3.60', '3.40', '2.40', '4.90', '2.10', '3.00', '2.30', '3.30', '2019-09-14 00:29:08', '2019-09-14 00:29:08'),
(118, 12, 'Tomasz', 'Radomski', 173, '2001-09-05', 180, 89, 'R', '6.00', '6.20', '5.00', '2.50', '3.40', '9.00', '1.70', '5.80', '2.70', '7.10', '2.40', '4.70', '4.10', '2019-09-14 00:29:08', '2019-09-14 00:29:08'),
(119, 12, 'Ireneusz', 'Matysek', 87, '1998-04-09', 200, 106, 'R', '9.00', '5.90', '7.00', '6.00', '4.80', '6.70', '1.40', '5.70', '6.60', '3.30', '3.00', '1.20', '2.40', '2019-09-14 00:29:08', '2019-09-14 00:29:08'),
(120, 12, 'Damian', 'Bąk', 181, '1994-01-29', 181, 81, 'L', '1.00', '6.80', '5.80', '2.60', '1.00', '2.60', '5.30', '6.30', '4.90', '5.60', '3.60', '2.60', '4.50', '2019-09-14 00:29:08', '2019-09-14 00:29:08'),
(121, 12, 'Kamil', 'Małecki', 177, '1994-01-14', 196, 92, 'L', '3.00', '6.30', '3.30', '1.40', '6.00', '7.00', '8.30', '4.90', '5.40', '2.00', '2.40', '4.80', '6.60', '2019-09-14 00:29:08', '2019-09-14 00:29:08'),
(122, 12, 'Bartosz', 'Grosicki', 92, '1999-08-15', 194, 86, 'R', '5.00', '4.90', '1.40', '5.70', '3.30', '1.70', '2.60', '4.50', '9.00', '6.00', '1.40', '2.20', '2.20', '2019-09-14 00:29:08', '2019-09-14 00:29:08'),
(123, 12, 'Kacper', 'Bielik', 18, '1993-12-28', 185, 82, 'R', '5.00', '5.20', '8.00', '5.40', '6.30', '1.70', '2.00', '7.00', '1.50', '1.00', '4.00', '3.10', '4.10', '2019-09-14 00:29:08', '2019-09-14 00:29:08'),
(124, 12, 'Ireneusz', 'Piątek', 90, '1991-11-01', 194, 86, 'R', '3.00', '8.80', '5.00', '5.00', '7.50', '9.00', '1.20', '4.80', '3.00', '3.30', '3.10', '8.00', '4.30', '2019-09-14 00:29:08', '2019-09-14 00:29:08'),
(125, 12, 'Emmanuel', 'Kryszałowicz', 17, '1996-01-05', 177, 87, 'B', '8.00', '5.80', '2.00', '6.30', '6.10', '4.70', '5.00', '3.00', '1.70', '4.20', '3.00', '5.10', '0.50', '2019-09-14 00:29:08', '2019-09-14 00:29:08'),
(126, 12, 'Aleks', 'Kędziora', 163, '1992-09-16', 157, 63, 'B', '1.00', '8.40', '8.10', '7.30', '7.10', '3.90', '3.30', '4.80', '2.70', '8.20', '8.30', '5.00', '8.70', '2019-09-14 00:29:08', '2019-09-14 00:29:08'),
(127, 12, 'Florian', 'Krychowiak', 7, '1995-01-29', 193, 98, 'B', '3.00', '6.50', '5.10', '3.10', '3.60', '2.70', '6.10', '2.70', '8.00', '2.60', '7.30', '6.00', '0.90', '2019-09-14 00:29:08', '2019-09-14 00:29:08'),
(128, 12, 'Rafał', 'Hajto', 71, '1996-01-15', 193, 102, 'R', '3.00', '7.00', '7.40', '2.70', '6.80', '1.40', '1.30', '8.00', '6.30', '3.50', '3.40', '1.90', '2.70', '2019-09-14 00:29:08', '2019-09-14 00:29:08'),
(129, 12, 'Daniel', 'Olisadebe', 62, '1993-11-29', 153, 53, 'L', '6.00', '6.70', '6.60', '4.50', '3.20', '6.30', '8.00', '6.80', '6.40', '4.50', '2.70', '3.70', '1.60', '2019-09-14 00:29:08', '2019-09-14 00:29:08'),
(130, 12, 'Piotr', 'Bednarek', 9, '1998-12-25', 166, 63, 'R', '1.00', '4.40', '3.00', '6.60', '1.90', '7.00', '4.70', '4.30', '6.00', '2.70', '3.50', '6.10', '2.60', '2019-09-14 00:29:08', '2019-09-14 00:29:08'),
(131, 12, 'Emil', 'Szymkowiak', 103, '1991-04-14', 174, 84, 'L', '5.00', '9.00', '5.00', '1.30', '8.40', '6.50', '4.80', '3.00', '7.30', '4.70', '6.60', '3.80', '7.10', '2019-09-14 00:29:08', '2019-09-14 00:29:08'),
(132, 12, 'Jerzy', 'Wałdoch', 120, '1996-03-29', 168, 61, 'B', '7.00', '5.10', '6.90', '7.00', '6.40', '5.20', '3.50', '3.80', '4.70', '1.20', '7.60', '7.60', '0.30', '2019-09-14 00:29:08', '2019-09-14 00:29:08'),
(133, 13, 'Daniel', 'Zieliński', 5, '1998-01-29', 167, 68, 'L', '7.00', '4.70', '6.00', '4.80', '2.70', '4.80', '1.10', '6.20', '3.80', '3.00', '4.90', '4.00', '3.90', '2019-09-15 22:59:43', '2019-09-15 22:59:43'),
(134, 13, 'Błażej', 'Niedzielan', 90, '1992-02-22', 176, 72, 'L', '5.00', '9.00', '7.10', '6.90', '2.40', '3.70', '6.10', '4.90', '3.60', '1.10', '2.80', '5.30', '5.20', '2019-09-15 22:59:43', '2019-09-15 22:59:43'),
(135, 13, 'Bartosz', 'Niedziela', 167, '1998-08-27', 180, 84, 'B', '7.00', '6.20', '3.80', '3.10', '6.10', '3.20', '7.00', '4.80', '4.30', '3.60', '4.00', '3.80', '3.00', '2019-09-15 22:59:43', '2019-09-15 22:59:43'),
(136, 13, 'Emmanuel', 'Matysek', 53, '1998-08-16', 191, 83, 'L', '9.00', '6.10', '5.90', '3.50', '9.00', '2.80', '2.50', '2.00', '2.80', '6.30', '2.80', '6.00', '3.90', '2019-09-15 22:59:43', '2019-09-15 22:59:43'),
(137, 13, 'Mariusz', 'Świerczewski', 106, '1994-10-29', 195, 93, 'R', '3.00', '7.70', '8.10', '6.20', '9.00', '4.90', '3.40', '6.50', '4.40', '6.40', '6.00', '3.00', '3.20', '2019-09-15 22:59:43', '2019-09-15 22:59:43'),
(138, 13, 'Damian', 'Kędziora', 189, '1995-10-01', 187, 80, 'R', '1.00', '6.60', '4.00', '5.00', '6.80', '3.80', '7.50', '4.60', '2.20', '5.00', '1.30', '1.00', '4.60', '2019-09-15 22:59:43', '2019-09-15 22:59:43'),
(139, 13, 'Jonasz', 'Olisadebe', 141, '1997-11-19', 188, 85, 'L', '5.00', '5.00', '2.00', '1.30', '8.00', '4.70', '2.00', '1.50', '2.80', '6.00', '3.10', '5.20', '0.40', '2019-09-15 22:59:43', '2019-09-15 22:59:43'),
(140, 13, 'Aureliusz', 'Truszewski', 68, '1994-07-15', 163, 66, 'L', '4.00', '5.90', '3.00', '5.00', '6.30', '2.70', '1.30', '2.70', '2.10', '6.00', '1.00', '5.10', '7.10', '2019-09-15 22:59:43', '2019-09-15 22:59:43'),
(141, 13, 'Łukasz', 'Świerczewski', 35, '1995-03-22', 179, 85, 'B', '5.00', '6.30', '5.00', '5.90', '5.70', '1.30', '6.10', '5.60', '2.00', '3.30', '5.60', '6.00', '7.40', '2019-09-15 22:59:43', '2019-09-15 22:59:43'),
(142, 13, 'Adam', 'Piątek', 69, '2000-10-23', 193, 94, 'L', '3.00', '4.50', '4.90', '1.00', '2.30', '1.20', '4.70', '1.40', '4.00', '3.10', '4.50', '3.90', '5.90', '2019-09-15 22:59:43', '2019-09-15 22:59:43'),
(143, 13, 'Florian', 'Dudek', 16, '1994-08-18', 152, 43, 'B', '7.00', '8.50', '2.80', '3.50', '1.10', '3.40', '2.90', '3.50', '2.50', '1.60', '3.30', '2.70', '2.50', '2019-09-15 22:59:43', '2019-09-15 22:59:43'),
(144, 13, 'Łukasz', 'Szymkowiak', 22, '1998-02-17', 171, 79, 'R', '2.00', '5.10', '2.00', '3.20', '1.20', '9.10', '8.00', '2.10', '3.30', '2.00', '4.00', '5.60', '3.80', '2019-09-15 22:59:43', '2019-09-15 22:59:43'),
(145, 13, 'Błażej', 'Truszewski', 128, '1993-12-15', 182, 74, 'L', '6.00', '5.30', '3.00', '9.00', '5.00', '6.70', '5.10', '2.30', '1.00', '6.00', '4.40', '6.00', '1.00', '2019-09-15 22:59:43', '2019-09-15 22:59:43'),
(146, 13, 'Kamil', 'Żewłakow', 23, '1990-09-16', 194, 94, 'L', '5.00', '8.60', '9.00', '5.00', '3.80', '2.50', '7.70', '7.70', '6.10', '8.30', '8.80', '1.00', '0.50', '2019-09-15 22:59:43', '2019-09-15 22:59:43'),
(147, 13, 'Emil', 'Olisadebe', 135, '2000-08-02', 175, 73, 'R', '4.00', '4.50', '2.80', '7.00', '9.00', '2.70', '4.40', '1.60', '4.00', '2.70', '3.10', '5.00', '0.20', '2019-09-15 22:59:43', '2019-09-15 22:59:43'),
(148, 13, 'Piotr', 'Dudek', 70, '1993-08-23', 166, 73, 'B', '5.00', '8.90', '8.00', '8.40', '7.70', '7.80', '2.20', '1.30', '6.90', '5.80', '9.20', '2.00', '3.80', '2019-09-15 22:59:43', '2019-09-15 22:59:43'),
(149, 13, 'Dawid', 'Hajto', 27, '1998-06-15', 187, 92, 'R', '3.00', '7.40', '2.00', '8.00', '2.50', '6.10', '1.50', '2.60', '1.50', '1.00', '3.90', '6.00', '1.00', '2019-09-15 22:59:43', '2019-09-15 22:59:43'),
(150, 13, 'Ireneusz', 'Szymkowiak', 25, '1996-05-16', 168, 63, 'R', '1.00', '5.90', '3.00', '6.00', '3.00', '5.30', '4.60', '5.00', '6.00', '2.50', '4.40', '1.30', '0.20', '2019-09-15 22:59:43', '2019-09-15 22:59:43'),
(151, 13, 'Błażej', 'Matysek', 14, '2001-09-06', 158, 52, 'L', '2.00', '6.60', '2.70', '2.50', '7.60', '8.00', '3.00', '1.10', '2.10', '5.30', '5.00', '2.00', '0.80', '2019-09-15 22:59:43', '2019-09-15 22:59:43'),
(152, 13, 'Bogumił', 'Bielik', 72, '1991-04-09', 176, 71, 'B', '8.00', '8.80', '7.10', '5.30', '4.90', '2.00', '5.40', '4.30', '6.40', '3.80', '5.00', '3.00', '6.30', '2019-09-15 22:59:43', '2019-09-15 22:59:43'),
(153, 13, 'Cyprian', 'Majdan', 150, '1993-09-15', 185, 81, 'L', '7.00', '8.60', '4.00', '2.00', '1.10', '8.50', '5.80', '4.70', '8.60', '4.40', '1.40', '6.30', '3.60', '2019-09-15 22:59:43', '2019-09-15 22:59:43'),
(154, 13, 'Robert', 'Kędziora', 47, '1997-09-14', 176, 71, 'R', '5.00', '5.80', '7.00', '6.30', '5.60', '3.40', '5.60', '2.70', '6.90', '2.00', '4.30', '2.30', '6.10', '2019-09-15 22:59:43', '2019-09-15 22:59:43'),
(155, 13, 'Ireneusz', 'Fabiański', 152, '1990-10-10', 188, 93, 'L', '4.00', '8.00', '5.40', '8.50', '3.50', '5.70', '4.40', '7.20', '3.50', '3.40', '8.40', '7.30', '8.30', '2019-09-15 22:59:43', '2019-09-15 22:59:43'),
(156, 13, 'Aureliusz', 'Radomski', 150, '2001-06-15', 162, 69, 'R', '7.00', '5.00', '1.90', '4.10', '1.20', '1.60', '2.60', '7.30', '1.20', '1.10', '4.70', '6.00', '1.70', '2019-09-15 22:59:43', '2019-09-15 22:59:43'),
(157, 13, 'Dariusz', 'Kownacki', 25, '1991-08-18', 163, 66, 'B', '4.00', '8.60', '5.60', '1.90', '3.90', '5.90', '7.10', '8.80', '7.20', '4.30', '5.60', '4.90', '1.20', '2019-09-15 22:59:43', '2019-09-15 22:59:43'),
(158, 13, 'Łukasz', 'Kownacki', 148, '1997-03-15', 154, 53, 'L', '9.00', '6.80', '8.00', '3.60', '5.80', '6.10', '6.10', '1.00', '6.40', '4.00', '1.60', '6.90', '0.90', '2019-09-15 22:59:43', '2019-09-15 22:59:43'),
(159, 14, 'Jonasz', 'Niedzielan', 186, '1997-07-03', 198, 106, 'R', '4.00', '10.00', '10.00', '10.00', '10.00', '10.00', '10.00', '10.00', '10.00', '10.00', '10.00', '10.00', '10.00', '2019-09-20 15:08:51', '2019-09-20 15:08:51'),
(160, 14, 'Aureliusz', 'Matysek', 135, '1998-10-22', 168, 73, 'L', '2.00', '10.00', '10.00', '10.00', '10.00', '10.00', '10.00', '10.00', '10.00', '10.00', '10.00', '10.00', '10.00', '2019-09-20 15:08:51', '2019-09-20 15:08:51'),
(161, 14, 'Kacper', 'Dudek', 58, '1998-07-05', 180, 86, 'B', '5.00', '10.00', '10.00', '10.00', '10.00', '10.00', '10.00', '10.00', '10.00', '10.00', '10.00', '10.00', '10.00', '2019-09-20 15:08:51', '2019-09-20 15:08:51'),
(162, 14, 'Łukasz', 'Matysek', 197, '1996-10-11', 179, 78, 'R', '4.00', '10.00', '10.00', '10.00', '10.00', '10.00', '10.00', '10.00', '10.00', '10.00', '10.00', '10.00', '10.00', '2019-09-20 15:08:51', '2019-09-20 15:08:51'),
(163, 14, 'Daniel', 'Radomski', 78, '1995-06-10', 153, 44, 'L', '1.00', '10.00', '10.00', '10.00', '10.00', '10.00', '10.00', '10.00', '10.00', '10.00', '10.00', '10.00', '10.00', '2019-09-20 15:08:51', '2019-09-20 15:08:51'),
(164, 14, 'Kamil', 'Bąk', 66, '1995-04-20', 200, 97, 'L', '2.00', '10.00', '10.00', '10.00', '10.00', '10.00', '10.00', '10.00', '10.00', '10.00', '10.00', '10.00', '10.00', '2019-09-20 15:08:51', '2019-09-20 15:08:51'),
(165, 14, 'Konrad', 'Kownacki', 78, '2000-12-26', 189, 98, 'R', '8.00', '10.00', '10.00', '10.00', '10.00', '10.00', '10.00', '10.00', '10.00', '10.00', '10.00', '10.00', '10.00', '2019-09-20 15:08:51', '2019-09-20 15:08:51'),
(166, 14, 'Ireneusz', 'Szymkowiak', 173, '1998-03-10', 151, 52, 'R', '3.00', '10.00', '10.00', '10.00', '10.00', '10.00', '10.00', '10.00', '10.00', '10.00', '10.00', '10.00', '10.00', '2019-09-20 15:08:51', '2019-09-20 15:08:51'),
(167, 14, 'Cyprian', 'Zieliński', 149, '2000-12-03', 173, 75, 'B', '2.00', '10.00', '10.00', '10.00', '10.00', '10.00', '10.00', '10.00', '10.00', '10.00', '10.00', '10.00', '10.00', '2019-09-20 15:08:51', '2019-09-20 15:08:51'),
(168, 14, 'Jerzy', 'Świerczewski', 45, '2001-09-08', 177, 76, 'R', '1.00', '10.00', '10.00', '10.00', '10.00', '10.00', '10.00', '10.00', '10.00', '10.00', '10.00', '10.00', '10.00', '2019-09-20 15:08:51', '2019-09-20 15:08:51'),
(169, 14, 'Rafał', 'Olisadebe', 193, '1994-12-02', 193, 100, 'R', '4.00', '10.00', '10.00', '10.00', '10.00', '10.00', '10.00', '10.00', '10.00', '10.00', '10.00', '10.00', '10.00', '2019-09-20 15:08:51', '2019-09-20 15:08:51'),
(170, 14, 'Cyprian', 'Wałdoch', 197, '1992-09-25', 192, 92, 'L', '7.00', '10.00', '10.00', '10.00', '10.00', '10.00', '10.00', '10.00', '10.00', '10.00', '10.00', '10.00', '10.00', '2019-09-20 15:08:51', '2019-09-20 15:08:51'),
(171, 14, 'Gustaw', 'Grosicki', 122, '1999-01-20', 182, 77, 'L', '8.00', '10.00', '10.00', '10.00', '10.00', '10.00', '10.00', '10.00', '10.00', '10.00', '10.00', '10.00', '10.00', '2019-09-20 15:08:51', '2019-09-20 15:08:51'),
(172, 14, 'Łukasz', 'Świerczewski', 171, '2001-02-19', 159, 59, 'B', '8.00', '10.00', '10.00', '10.00', '10.00', '10.00', '10.00', '10.00', '10.00', '10.00', '10.00', '10.00', '10.00', '2019-09-20 15:08:51', '2019-09-20 15:08:51'),
(173, 14, 'Robert', 'Bereszyński', 117, '1997-04-21', 190, 90, 'B', '7.00', '10.00', '10.00', '10.00', '10.00', '10.00', '10.00', '10.00', '10.00', '10.00', '10.00', '10.00', '10.00', '2019-09-20 15:08:51', '2019-09-20 15:08:51'),
(174, 14, 'Konrad', 'Fabiański', 25, '1995-04-21', 164, 61, 'R', '1.00', '10.00', '10.00', '10.00', '10.00', '10.00', '10.00', '10.00', '10.00', '10.00', '10.00', '10.00', '10.00', '2019-09-20 15:08:51', '2019-09-20 15:08:51'),
(175, 14, 'Łukasz', 'Kryszałowicz', 195, '1991-10-21', 150, 52, 'L', '3.00', '10.00', '10.00', '10.00', '10.00', '10.00', '10.00', '10.00', '10.00', '10.00', '10.00', '10.00', '10.00', '2019-09-20 15:08:51', '2019-09-20 15:08:51'),
(176, 14, 'Aureliusz', 'Grosicki', 163, '1999-09-10', 150, 55, 'L', '3.00', '10.00', '10.00', '10.00', '10.00', '10.00', '10.00', '10.00', '10.00', '10.00', '10.00', '10.00', '10.00', '2019-09-20 15:08:51', '2019-09-20 15:08:51'),
(177, 14, 'Błażej', 'Niedziela', 112, '2001-05-27', 164, 61, 'L', '6.00', '10.00', '10.00', '10.00', '10.00', '10.00', '10.00', '10.00', '10.00', '10.00', '10.00', '10.00', '10.00', '2019-09-20 15:08:51', '2019-09-20 15:08:51'),
(178, 14, 'Marcin', 'Żewłakow', 9, '1993-01-20', 164, 56, 'L', '4.00', '10.00', '10.00', '10.00', '10.00', '10.00', '10.00', '10.00', '10.00', '10.00', '10.00', '10.00', '10.00', '2019-09-20 15:08:51', '2019-09-20 15:08:51'),
(179, 14, 'Mariusz', 'Kucharczyk', 50, '1996-07-11', 189, 81, 'R', '2.00', '10.00', '10.00', '10.00', '10.00', '10.00', '10.00', '10.00', '10.00', '10.00', '10.00', '10.00', '10.00', '2019-09-20 15:08:51', '2019-09-20 15:08:51'),
(180, 14, 'Emil', 'Niedziela', 36, '1999-05-09', 175, 75, 'R', '8.00', '10.00', '10.00', '10.00', '10.00', '10.00', '10.00', '10.00', '10.00', '10.00', '10.00', '10.00', '10.00', '2019-09-20 15:08:51', '2019-09-20 15:08:51'),
(181, 14, 'Dawid', 'Piątek', 47, '2001-06-03', 189, 84, 'L', '5.00', '10.00', '10.00', '10.00', '10.00', '10.00', '10.00', '10.00', '10.00', '10.00', '10.00', '10.00', '10.00', '2019-09-20 15:08:51', '2019-09-20 15:08:51'),
(182, 14, 'Gustaw', 'Olisadebe', 5, '1994-05-25', 155, 48, 'L', '9.00', '10.00', '10.00', '10.00', '10.00', '10.00', '10.00', '10.00', '10.00', '10.00', '10.00', '10.00', '10.00', '2019-09-20 15:08:51', '2019-09-20 15:08:51'),
(183, 14, 'Konrad', 'Hajto', 55, '2000-04-18', 152, 46, 'R', '3.00', '10.00', '10.00', '10.00', '10.00', '10.00', '10.00', '10.00', '10.00', '10.00', '10.00', '10.00', '10.00', '2019-09-20 15:08:51', '2019-09-20 15:08:51'),
(184, 14, 'Rafał', 'Piątek', 89, '1991-08-08', 157, 63, 'L', '7.00', '10.00', '10.00', '10.00', '10.00', '10.00', '10.00', '10.00', '10.00', '10.00', '10.00', '10.00', '10.00', '2019-09-20 15:08:51', '2019-09-20 15:08:51'),
(185, 15, 'Łukasz', 'Kucharczyk', 179, '1996-11-19', 171, 74, 'L', '1.00', '1.00', '1.00', '1.00', '1.00', '1.00', '1.00', '1.00', '1.00', '1.00', '1.00', '1.00', '1.00', '2019-09-20 15:17:50', '2019-09-20 15:17:50'),
(186, 15, 'Ireneusz', 'Truszewski', 107, '2001-01-21', 176, 82, 'R', '1.00', '1.00', '1.00', '1.00', '1.00', '1.00', '1.00', '1.00', '1.00', '1.00', '1.00', '1.00', '1.00', '2019-09-20 15:17:50', '2019-09-20 15:17:50'),
(187, 15, 'Bartosz', 'Bereszyński', 92, '1995-06-06', 175, 78, 'R', '1.00', '1.00', '1.00', '1.00', '1.00', '1.00', '1.00', '1.00', '1.00', '1.00', '1.00', '1.00', '1.00', '2019-09-20 15:17:50', '2019-09-20 15:17:50'),
(188, 15, 'Łukasz', 'Piątek', 32, '1996-08-21', 193, 86, 'L', '1.00', '1.00', '1.00', '1.00', '1.00', '1.00', '1.00', '1.00', '1.00', '1.00', '1.00', '1.00', '1.00', '2019-09-20 15:17:50', '2019-09-20 15:17:50'),
(189, 15, 'Damian', 'Bąk', 118, '1998-04-12', 199, 90, 'B', '1.00', '1.00', '1.00', '1.00', '1.00', '1.00', '1.00', '1.00', '1.00', '1.00', '1.00', '1.00', '1.00', '2019-09-20 15:17:50', '2019-09-20 15:17:50'),
(190, 15, 'Jonasz', 'Radomski', 153, '1999-07-18', 161, 55, 'L', '1.00', '1.00', '1.00', '1.00', '1.00', '1.00', '1.00', '1.00', '1.00', '1.00', '1.00', '1.00', '1.00', '2019-09-20 15:17:50', '2019-09-20 15:17:50'),
(191, 15, 'Aureliusz', 'Kędziora', 139, '1991-04-25', 160, 61, 'B', '1.00', '1.00', '1.00', '1.00', '1.00', '1.00', '1.00', '1.00', '1.00', '1.00', '1.00', '1.00', '1.00', '2019-09-20 15:17:50', '2019-09-20 15:17:50'),
(192, 15, 'Bogumił', 'Żewłakow', 91, '1994-07-21', 170, 79, 'B', '1.00', '1.00', '1.00', '1.00', '1.00', '1.00', '1.00', '1.00', '1.00', '1.00', '1.00', '1.00', '1.00', '2019-09-20 15:17:50', '2019-09-20 15:17:50'),
(193, 15, 'Cyprian', 'Truszewski', 130, '1992-07-05', 160, 57, 'L', '1.00', '1.00', '1.00', '1.00', '1.00', '1.00', '1.00', '1.00', '1.00', '1.00', '1.00', '1.00', '1.00', '2019-09-20 15:17:50', '2019-09-20 15:17:50'),
(194, 15, 'Aureliusz', 'Bereszyński', 68, '1991-09-29', 193, 102, 'B', '1.00', '1.00', '1.00', '1.00', '1.00', '1.00', '1.00', '1.00', '1.00', '1.00', '1.00', '1.00', '1.00', '2019-09-20 15:17:51', '2019-09-20 15:17:51'),
(195, 15, 'Aleks', 'Olisadebe', 46, '1998-06-14', 166, 76, 'B', '1.00', '1.00', '1.00', '1.00', '1.00', '1.00', '1.00', '1.00', '1.00', '1.00', '1.00', '1.00', '1.00', '2019-09-20 15:17:51', '2019-09-20 15:17:51'),
(196, 15, 'Marcin', 'Hajto', 81, '2001-03-25', 198, 106, 'R', '1.00', '1.00', '1.00', '1.00', '1.00', '1.00', '1.00', '1.00', '1.00', '1.00', '1.00', '1.00', '1.00', '2019-09-20 15:17:51', '2019-09-20 15:17:51'),
(197, 15, 'Kamil', 'Fabiański', 177, '1993-08-14', 175, 84, 'B', '1.00', '1.00', '1.00', '1.00', '1.00', '1.00', '1.00', '1.00', '1.00', '1.00', '1.00', '1.00', '1.00', '2019-09-20 15:17:51', '2019-09-20 15:17:51'),
(198, 15, 'Daniel', 'Bednarek', 18, '1994-08-02', 167, 74, 'R', '1.00', '1.00', '1.00', '1.00', '1.00', '1.00', '1.00', '1.00', '1.00', '1.00', '1.00', '1.00', '1.00', '2019-09-20 15:17:51', '2019-09-20 15:17:51'),
(199, 15, 'Emil', 'Dudek', 23, '2001-08-26', 188, 79, 'L', '1.00', '1.00', '1.00', '1.00', '1.00', '1.00', '1.00', '1.00', '1.00', '1.00', '1.00', '1.00', '1.00', '2019-09-20 15:17:51', '2019-09-20 15:17:51'),
(200, 15, 'Mariusz', 'Bereszyński', 27, '1991-06-01', 176, 75, 'L', '1.00', '1.00', '1.00', '1.00', '1.00', '1.00', '1.00', '1.00', '1.00', '1.00', '1.00', '1.00', '1.00', '2019-09-20 15:17:51', '2019-09-20 15:17:51'),
(201, 15, 'Emil', 'Glik', 138, '1996-09-20', 190, 98, 'L', '1.00', '1.00', '1.00', '1.00', '1.00', '1.00', '1.00', '1.00', '1.00', '1.00', '1.00', '1.00', '1.00', '2019-09-20 15:17:51', '2019-09-20 15:17:51'),
(202, 15, 'Rafał', 'Krychowiak', 95, '1991-12-07', 174, 70, 'B', '1.00', '1.00', '1.00', '1.00', '1.00', '1.00', '1.00', '1.00', '1.00', '1.00', '1.00', '1.00', '1.00', '2019-09-20 15:17:51', '2019-09-20 15:17:51'),
(203, 15, 'Bartosz', 'Truszewski', 41, '2000-09-18', 153, 46, 'B', '1.00', '1.00', '1.00', '1.00', '1.00', '1.00', '1.00', '1.00', '1.00', '1.00', '1.00', '1.00', '1.00', '2019-09-20 15:17:51', '2019-09-20 15:17:51'),
(204, 15, 'Kacper', 'Krychowiak', 143, '1998-08-25', 155, 52, 'L', '1.00', '1.00', '1.00', '1.00', '1.00', '1.00', '1.00', '1.00', '1.00', '1.00', '1.00', '1.00', '1.00', '2019-09-20 15:17:51', '2019-09-20 15:17:51'),
(205, 15, 'Jonasz', 'Fabiański', 112, '1996-03-26', 193, 90, 'B', '1.00', '1.00', '1.00', '1.00', '1.00', '1.00', '1.00', '1.00', '1.00', '1.00', '1.00', '1.00', '1.00', '2019-09-20 15:17:51', '2019-09-20 15:17:51'),
(206, 15, 'Cyprian', 'Kryszałowicz', 27, '1997-04-19', 160, 61, 'R', '1.00', '1.00', '1.00', '1.00', '1.00', '1.00', '1.00', '1.00', '1.00', '1.00', '1.00', '1.00', '1.00', '2019-09-20 15:17:51', '2019-09-20 15:17:51'),
(207, 15, 'Tomasz', 'Olisadebe', 104, '1991-02-05', 156, 53, 'L', '1.00', '1.00', '1.00', '1.00', '1.00', '1.00', '1.00', '1.00', '1.00', '1.00', '1.00', '1.00', '1.00', '2019-09-20 15:17:51', '2019-09-20 15:17:51'),
(208, 15, 'Gustaw', 'Niedzielan', 158, '1992-11-05', 185, 95, 'B', '1.00', '1.00', '1.00', '1.00', '1.00', '1.00', '1.00', '1.00', '1.00', '1.00', '1.00', '1.00', '1.00', '2019-09-20 15:17:51', '2019-09-20 15:17:51'),
(209, 15, 'Łukasz', 'Glik', 186, '1996-09-03', 168, 65, 'L', '1.00', '1.00', '1.00', '1.00', '1.00', '1.00', '1.00', '1.00', '1.00', '1.00', '1.00', '1.00', '1.00', '2019-09-20 15:17:51', '2019-09-20 15:17:51'),
(210, 15, 'Kacper', 'Majdan', 105, '1999-04-01', 198, 102, 'R', '1.00', '1.00', '1.00', '1.00', '1.00', '1.00', '1.00', '1.00', '1.00', '1.00', '1.00', '1.00', '1.00', '2019-09-20 15:17:51', '2019-09-20 15:17:51'),
(211, 16, 'Damian', 'Fabiański', 106, '1998-06-14', 157, 51, 'R', '4.60', '4.40', '3.90', '3.20', '0.40', '1.30', '1.90', '2.90', '1.70', '6.90', '2.50', '4.20', '1.00', '2019-10-05 15:24:48', '2019-10-05 15:24:48'),
(212, 16, 'Kamil', 'Majdan', 162, '1993-07-21', 172, 77, 'L', '9.30', '8.30', '1.60', '0.20', '8.70', '0.80', '4.90', '1.40', '8.90', '8.70', '6.80', '3.60', '5.90', '2019-10-05 15:24:48', '2019-10-05 15:24:48'),
(213, 16, 'Łukasz', 'Dudek', 65, '1996-09-08', 189, 96, 'L', '6.40', '7.40', '8.70', '4.00', '4.20', '5.80', '4.80', '7.60', '0.10', '4.90', '5.70', '6.00', '4.20', '2019-10-05 15:24:48', '2019-10-05 15:24:48'),
(214, 16, 'Łukasz', 'Bielik', 104, '1996-02-04', 171, 71, 'L', '5.10', '6.60', '5.20', '5.40', '3.50', '5.90', '1.60', '0.30', '6.40', '4.00', '1.50', '1.00', '1.30', '2019-10-05 15:24:48', '2019-10-05 15:24:48'),
(215, 16, 'Dariusz', 'Radomski', 77, '2000-10-15', 188, 80, 'L', '4.60', '4.60', '0.80', '2.50', '3.40', '0.90', '4.30', '4.30', '4.70', '5.90', '4.40', '3.90', '2.70', '2019-10-05 15:24:48', '2019-10-05 15:24:48'),
(216, 16, 'Florian', 'Olisadebe', 24, '1991-03-02', 179, 76, 'R', '8.60', '8.80', '5.10', '7.50', '5.40', '2.00', '7.40', '8.90', '2.10', '7.80', '7.60', '3.80', '9.00', '2019-10-05 15:24:48', '2019-10-05 15:24:48'),
(217, 16, 'Błażej', 'Krychowiak', 74, '2001-10-05', 181, 73, 'B', '4.40', '4.90', '0.20', '1.80', '2.70', '2.60', '1.30', '2.00', '1.80', '3.70', '6.90', '3.40', '4.10', '2019-10-05 15:24:48', '2019-10-05 15:24:48'),
(218, 16, 'Emil', 'Niedzielan', 11, '1998-10-07', 174, 75, 'B', '4.60', '5.60', '0.40', '3.00', '0.80', '2.80', '3.00', '1.10', '6.80', '8.40', '4.20', '1.50', '0.60', '2019-10-05 15:24:48', '2019-10-05 15:24:48'),
(219, 16, 'Mariusz', 'Lewandowski', 55, '1994-08-24', 152, 53, 'L', '6.40', '6.50', '5.80', '1.90', '6.50', '4.10', '4.50', '5.50', '3.80', '7.10', '1.00', '7.50', '2.60', '2019-10-05 15:24:48', '2019-10-05 15:24:48'),
(220, 16, 'Łukasz', 'Lewandowski', 23, '1999-08-25', 191, 94, 'R', '4.90', '5.10', '1.70', '5.00', '2.40', '0.50', '2.10', '2.90', '5.50', '4.90', '0.90', '0.50', '1.70', '2019-10-05 15:24:48', '2019-10-05 15:24:48'),
(221, 16, 'Ireneusz', 'Radomski', 162, '1996-10-04', 179, 89, 'B', '6.20', '6.10', '3.40', '1.40', '0.70', '5.30', '3.40', '6.10', '2.60', '6.80', '2.90', '1.70', '2.50', '2019-10-05 15:24:48', '2019-10-05 15:24:48'),
(222, 16, 'Konrad', 'Bednarek', 100, '1998-06-02', 171, 70, 'B', '4.80', '6.00', '5.10', '3.50', '2.40', '4.00', '3.70', '4.70', '5.50', '0.50', '4.90', '3.20', '5.00', '2019-10-05 15:24:48', '2019-10-05 15:24:48'),
(223, 16, 'Rafał', 'Truszewski', 187, '1991-02-16', 195, 98, 'B', '8.00', '8.90', '7.60', '6.00', '7.40', '1.10', '2.60', '4.50', '7.40', '3.50', '8.20', '0.40', '7.00', '2019-10-05 15:24:48', '2019-10-05 15:24:48'),
(224, 16, 'Kacper', 'Bielik', 177, '1996-11-28', 186, 78, 'R', '7.20', '8.00', '2.30', '6.30', '4.70', '0.90', '4.70', '2.00', '1.20', '6.70', '5.90', '4.30', '2.30', '2019-10-05 15:24:48', '2019-10-05 15:24:48'),
(225, 16, 'Bogumił', 'Truszewski', 50, '1996-09-08', 182, 89, 'L', '9.80', '5.30', '4.00', '4.50', '0.10', '6.70', '4.20', '5.40', '1.50', '4.00', '2.80', '5.10', '5.00', '2019-10-05 15:24:48', '2019-10-05 15:24:48'),
(226, 16, 'Florian', 'Fabiański', 21, '1993-02-04', 173, 67, 'B', '8.10', '9.00', '3.00', '0.80', '6.40', '8.90', '2.30', '2.70', '8.20', '1.90', '3.20', '7.70', '5.60', '2019-10-05 15:24:48', '2019-10-05 15:24:48'),
(227, 16, 'Daniel', 'Hajto', 8, '1991-01-27', 177, 68, 'L', '8.80', '8.80', '3.40', '0.20', '3.00', '2.10', '5.30', '1.30', '6.00', '7.90', '7.10', '6.20', '3.80', '2019-10-05 15:24:48', '2019-10-05 15:24:48'),
(228, 16, 'Florian', 'Fabiański', 59, '1995-03-07', 176, 79, 'B', '5.10', '5.80', '1.50', '7.30', '6.70', '5.30', '1.50', '1.10', '4.90', '4.90', '5.00', '4.40', '5.90', '2019-10-05 15:24:48', '2019-10-05 15:24:48'),
(229, 16, 'Kacper', 'Wałdoch', 55, '1996-10-14', 178, 75, 'B', '7.30', '5.60', '0.30', '6.60', '6.20', '3.50', '6.10', '6.00', '2.80', '5.20', '5.40', '6.60', '6.20', '2019-10-05 15:24:48', '2019-10-05 15:24:48'),
(230, 16, 'Tomasz', 'Majdan', 135, '1996-09-17', 196, 106, 'R', '5.50', '5.50', '3.10', '0.50', '2.30', '5.20', '5.80', '9.40', '3.10', '5.30', '3.30', '4.90', '4.10', '2019-10-05 15:24:48', '2019-10-05 15:24:48'),
(231, 16, 'Kacper', 'Truszewski', 28, '1992-10-28', 198, 91, 'R', '8.10', '8.60', '0.80', '8.90', '0.90', '3.20', '1.30', '4.10', '6.80', '3.50', '6.00', '4.10', '0.80', '2019-10-05 15:24:48', '2019-10-05 15:24:48'),
(232, 16, 'Alexander', 'Kucharczyk', 176, '1994-02-05', 188, 97, 'B', '5.40', '5.90', '4.50', '1.90', '0.60', '4.90', '4.50', '2.20', '3.80', '7.80', '6.10', '2.60', '2.00', '2019-10-05 15:24:48', '2019-10-05 15:24:48'),
(233, 16, 'Bogumił', 'Świerczewski', 164, '1991-05-06', 167, 66, 'L', '8.90', '8.40', '1.80', '5.40', '3.70', '7.10', '5.10', '6.70', '2.50', '7.70', '5.80', '8.40', '8.70', '2019-10-05 15:24:48', '2019-10-05 15:24:48'),
(234, 16, 'Łukasz', 'Grosicki', 103, '1990-09-13', 195, 89, 'R', '9.90', '9.60', '6.20', '6.50', '4.30', '3.00', '7.20', '6.70', '0.40', '8.90', '6.70', '8.00', '0.20', '2019-10-05 15:24:48', '2019-10-05 15:24:48'),
(235, 16, 'Rafał', 'Bereszyński', 126, '1993-04-12', 183, 92, 'R', '8.50', '8.80', '0.20', '7.90', '1.50', '8.10', '3.90', '2.30', '0.30', '2.70', '9.00', '1.20', '8.30', '2019-10-05 15:24:48', '2019-10-05 15:24:48'),
(236, 16, 'Marcin', 'Małecki', 124, '1997-08-23', 179, 88, 'L', '6.10', '6.50', '0.80', '3.60', '1.60', '1.80', '6.90', '0.60', '1.70', '4.80', '0.20', '2.40', '0.40', '2019-10-05 15:24:48', '2019-10-05 15:24:48');

-- --------------------------------------------------------

--
-- Struktura tabeli dla tabeli `roles`
--

CREATE TABLE `roles` (
  `id` int(10) UNSIGNED NOT NULL,
  `name` varchar(191) COLLATE utf8mb4_unicode_ci NOT NULL,
  `description` varchar(191) COLLATE utf8mb4_unicode_ci NOT NULL,
  `created_at` timestamp NULL DEFAULT NULL,
  `updated_at` timestamp NULL DEFAULT NULL
) ENGINE=InnoDB DEFAULT CHARSET=utf8mb4 COLLATE=utf8mb4_unicode_ci;

--
-- Zrzut danych tabeli `roles`
--

INSERT INTO `roles` (`id`, `name`, `description`, `created_at`, `updated_at`) VALUES
(1, 'superadmin', 'Super Admin', '2019-09-10 13:05:16', '2019-09-10 13:05:16'),
(2, 'admin', 'admin', '2019-09-10 13:05:16', '2019-09-10 13:05:16'),
(3, 'guest', 'guest', '2019-09-10 13:05:16', '2019-09-10 13:05:16');

-- --------------------------------------------------------

--
-- Struktura tabeli dla tabeli `role_user`
--

CREATE TABLE `role_user` (
  `id` int(10) UNSIGNED NOT NULL,
  `role_id` int(10) UNSIGNED NOT NULL,
  `user_id` int(10) UNSIGNED NOT NULL
) ENGINE=InnoDB DEFAULT CHARSET=utf8mb4 COLLATE=utf8mb4_unicode_ci;

--
-- Zrzut danych tabeli `role_user`
--

INSERT INTO `role_user` (`id`, `role_id`, `user_id`) VALUES
(1, 3, 1),
(2, 1, 2),
(3, 3, 3),
(4, 3, 4),
(5, 3, 5),
(6, 3, 6),
(7, 3, 7),
(8, 3, 8),
(9, 3, 9);

-- --------------------------------------------------------

--
-- Struktura tabeli dla tabeli `team`
--

CREATE TABLE `team` (
  `id` bigint(20) UNSIGNED NOT NULL,
  `name` varchar(191) COLLATE utf8mb4_unicode_ci NOT NULL,
  `created_at` timestamp NULL DEFAULT NULL,
  `updated_at` timestamp NULL DEFAULT NULL
) ENGINE=InnoDB DEFAULT CHARSET=utf8mb4 COLLATE=utf8mb4_unicode_ci;

--
-- Zrzut danych tabeli `team`
--

INSERT INTO `team` (`id`, `name`, `created_at`, `updated_at`) VALUES
(9, 'Czarni Pruszcz Gdański', '2019-09-13 19:50:44', '2019-09-13 19:50:44'),
(10, 'Lechia Gdańsk', '2019-09-13 20:40:55', '2019-09-13 20:40:55'),
(12, 'Arka Gdynia', '2019-09-14 00:29:08', '2019-09-14 00:29:08'),
(13, 'Wisła Kraków', '2019-09-15 22:59:43', '2019-09-15 22:59:43'),
(14, 'Super Team', '2019-09-20 15:08:50', '2019-09-20 15:08:50'),
(15, 'Weak Team', '2019-09-20 15:17:50', '2019-09-20 15:17:50'),
(16, 'Wisła Płock', '2019-10-05 15:24:48', '2019-10-05 15:24:48');

-- --------------------------------------------------------

--
-- Struktura tabeli dla tabeli `team_user`
--

CREATE TABLE `team_user` (
  `id` bigint(20) UNSIGNED NOT NULL,
  `team_id` int(10) UNSIGNED NOT NULL,
  `user_id` int(10) UNSIGNED NOT NULL
) ENGINE=InnoDB DEFAULT CHARSET=utf8mb4 COLLATE=utf8mb4_unicode_ci;

--
-- Zrzut danych tabeli `team_user`
--

INSERT INTO `team_user` (`id`, `team_id`, `user_id`) VALUES
(9, 9, 3),
(10, 10, 4),
(12, 12, 5),
(13, 13, 6),
(14, 14, 7),
(15, 15, 8),
(16, 16, 9);

-- --------------------------------------------------------

--
-- Struktura tabeli dla tabeli `users`
--

CREATE TABLE `users` (
  `id` bigint(20) UNSIGNED NOT NULL,
  `name` varchar(191) COLLATE utf8mb4_unicode_ci NOT NULL,
  `email` varchar(191) COLLATE utf8mb4_unicode_ci NOT NULL,
  `email_verified_at` timestamp NULL DEFAULT NULL,
  `password` varchar(191) COLLATE utf8mb4_unicode_ci NOT NULL,
  `remember_token` varchar(100) COLLATE utf8mb4_unicode_ci DEFAULT NULL,
  `created_at` timestamp NULL DEFAULT NULL,
  `updated_at` timestamp NULL DEFAULT NULL
) ENGINE=InnoDB DEFAULT CHARSET=utf8mb4 COLLATE=utf8mb4_unicode_ci;

--
-- Zrzut danych tabeli `users`
--

INSERT INTO `users` (`id`, `name`, `email`, `email_verified_at`, `password`, `remember_token`, `created_at`, `updated_at`) VALUES
(1, 'Guest', 'test@gmail.com', NULL, '$2y$10$mOWuUZ8Mdv.eURZpFW6/RuDKPBy5f12Zlp7b9VPJfaJAXKzHvt506', NULL, '2019-09-10 13:05:16', '2019-09-10 13:05:16'),
(2, 'admin', 'mariusz.truszewski@gmail.com', NULL, '$2y$10$lqZn/mQjZZbmZVZq1IJ8mu1JXRYKr9ZtfGYT8SYf4UrOPBdH/LDz2', 'QN4JMKlBrKUn3cw4CTwIdVzyd5wkdXHxB1ocomXuXpLGkuYnG4hB8fw4tROg', '2019-09-10 13:05:17', '2019-09-10 13:05:17'),
(3, 'test', 'test@test.pl', NULL, '$2y$10$XWhBaXxzR.t2INpahn7IIeT/jrmFctufhwQzT5h.Wg2Ga67Ea77TC', '6ZzM8MYDmGKq12w4XoJCcHpEb253SligxrfTiZdSH8pgDbZqB12UenWppWAO', '2019-09-10 14:26:53', '2019-09-10 14:26:53'),
(4, 'test2', 'test2@test.pl', NULL, '$2y$10$uJHeM9QF8ANDyCjquwNNZu6dHbpsjckG7nf75rKV1CdlVIIBQe2MC', NULL, '2019-09-13 20:40:20', '2019-09-13 20:40:20'),
(5, 'test3', 'test3@test.pl', NULL, '$2y$10$PkdsQbhaQMQz2yUDkRb7HuYpV3p7qocW4diSxFdHL/mY8D7gEgrRq', NULL, '2019-09-13 21:53:05', '2019-09-13 21:53:05'),
(6, 'test4', 'testtest@test.pl', NULL, '$2y$10$GT7DH64Eud1DeHm.63OaAO.vDdx.vK945vI9sQRsLvm5MmAio2tnS', NULL, '2019-09-15 22:59:22', '2019-09-15 22:59:22'),
(7, 'Test321', 'test321@test.pl', NULL, '$2y$10$MdKNQ2SC1k2.FbSlnImURumyRoO2eDH1LrX5Z8fBZKFdNEzzI9Tle', NULL, '2019-09-20 15:08:45', '2019-09-20 15:08:45'),
(8, 'Test test', 'test111@test.pl', NULL, '$2y$10$SsVPvTgajRxlZHLcYmv/6eCBnit3k709vsiNgbunGw84JBtODg4R6', NULL, '2019-09-20 15:17:23', '2019-09-20 15:17:23'),
(9, 'test12345', 'test12345@test.pl', NULL, '$2y$10$XA28umTC8uF3Pq3t0cb93OgOFtKPGoeU5w/4Xh70PD.q10oxQxGP2', NULL, '2019-10-05 14:30:02', '2019-10-05 14:30:02');

-- --------------------------------------------------------

--
-- Struktura tabeli dla tabeli `user_tactics`
--

CREATE TABLE `user_tactics` (
  `id` bigint(20) UNSIGNED NOT NULL,
  `user_id` int(10) UNSIGNED NOT NULL,
  `team_id` int(10) UNSIGNED NOT NULL,
  `formation` varchar(191) COLLATE utf8mb4_unicode_ci NOT NULL,
  `captain` int(11) NOT NULL,
  `pos_1` int(11) NOT NULL,
  `pos_2` int(11) NOT NULL,
  `pos_3` int(11) NOT NULL,
  `pos_4` int(11) NOT NULL,
  `pos_5` int(11) NOT NULL,
  `pos_6` int(11) NOT NULL,
  `pos_7` int(11) NOT NULL,
  `pos_8` int(11) NOT NULL,
  `pos_9` int(11) NOT NULL,
  `pos_10` int(11) NOT NULL,
  `pos_11` int(11) NOT NULL,
  `pos_12` int(11) NOT NULL,
  `pos_13` int(11) NOT NULL,
  `pos_14` int(11) NOT NULL,
  `pos_15` int(11) NOT NULL,
  `pos_16` int(11) NOT NULL,
  `created_at` timestamp NULL DEFAULT NULL,
  `updated_at` timestamp NULL DEFAULT NULL
) ENGINE=InnoDB DEFAULT CHARSET=utf8mb4 COLLATE=utf8mb4_unicode_ci;

--
-- Zrzut danych tabeli `user_tactics`
--

INSERT INTO `user_tactics` (`id`, `user_id`, `team_id`, `formation`, `captain`, `pos_1`, `pos_2`, `pos_3`, `pos_4`, `pos_5`, `pos_6`, `pos_7`, `pos_8`, `pos_9`, `pos_10`, `pos_11`, `pos_12`, `pos_13`, `pos_14`, `pos_15`, `pos_16`, `created_at`, `updated_at`) VALUES
(2, 3, 9, '433', 54, 32, 33, 51, 50, 48, 42, 54, 39, 35, 41, 31, 46, 40, 30, 53, 36, '2019-09-13 20:32:35', '2019-10-11 17:18:51'),
(3, 4, 10, '442', 67, 78, 66, 79, 61, 62, 59, 67, 55, 56, 71, 72, 64, 58, 76, 60, 80, '2019-09-13 20:45:16', '2019-09-13 20:45:16'),
(4, 5, 12, '442', 108, 111, 119, 116, 131, 114, 108, 126, 112, 132, 129, 128, 127, 123, 125, 107, 113, '2019-09-14 00:33:10', '2019-09-14 00:33:10'),
(5, 6, 13, '442', 146, 155, 154, 153, 158, 148, 152, 137, 134, 141, 157, 146, 150, 144, 151, 156, 133, '2019-09-15 23:05:10', '2019-09-15 23:05:10'),
(6, 7, 14, '433', 182, 160, 177, 165, 163, 161, 179, 180, 168, 174, 182, 178, 169, 176, 172, 166, 159, '2019-09-20 19:41:13', '2019-09-20 19:41:13'),
(7, 8, 15, '433', 198, 197, 187, 192, 196, 194, 186, 203, 193, 198, 199, 200, 206, 188, 195, 207, 209, '2019-09-20 20:12:48', '2019-09-20 20:12:48'),
(8, 9, 16, '442', 216, 235, 223, 212, 226, 227, 219, 229, 213, 228, 216, 234, 233, 231, 214, 230, 218, '2019-10-05 22:48:29', '2019-10-05 22:51:33');

--
-- Indeksy dla zrzutów tabel
--

--
-- Indeksy dla tabeli `data_names`
--
ALTER TABLE `data_names`
  ADD PRIMARY KEY (`id`);

--
-- Indeksy dla tabeli `data_surnames`
--
ALTER TABLE `data_surnames`
  ADD PRIMARY KEY (`id`);

--
-- Indeksy dla tabeli `failed_jobs`
--
ALTER TABLE `failed_jobs`
  ADD PRIMARY KEY (`id`);

--
-- Indeksy dla tabeli `migrations`
--
ALTER TABLE `migrations`
  ADD PRIMARY KEY (`id`);

--
-- Indeksy dla tabeli `password_resets`
--
ALTER TABLE `password_resets`
  ADD KEY `password_resets_email_index` (`email`);

--
-- Indeksy dla tabeli `players`
--
ALTER TABLE `players`
  ADD PRIMARY KEY (`id`);

--
-- Indeksy dla tabeli `roles`
--
ALTER TABLE `roles`
  ADD PRIMARY KEY (`id`);

--
-- Indeksy dla tabeli `role_user`
--
ALTER TABLE `role_user`
  ADD PRIMARY KEY (`id`);

--
-- Indeksy dla tabeli `team`
--
ALTER TABLE `team`
  ADD PRIMARY KEY (`id`);

--
-- Indeksy dla tabeli `team_user`
--
ALTER TABLE `team_user`
  ADD PRIMARY KEY (`id`);

--
-- Indeksy dla tabeli `users`
--
ALTER TABLE `users`
  ADD PRIMARY KEY (`id`),
  ADD UNIQUE KEY `users_email_unique` (`email`);

--
-- Indeksy dla tabeli `user_tactics`
--
ALTER TABLE `user_tactics`
  ADD PRIMARY KEY (`id`);

--
-- AUTO_INCREMENT for dumped tables
--

--
-- AUTO_INCREMENT dla tabeli `data_names`
--
ALTER TABLE `data_names`
  MODIFY `id` bigint(20) UNSIGNED NOT NULL AUTO_INCREMENT, AUTO_INCREMENT=38;

--
-- AUTO_INCREMENT dla tabeli `data_surnames`
--
ALTER TABLE `data_surnames`
  MODIFY `id` bigint(20) UNSIGNED NOT NULL AUTO_INCREMENT, AUTO_INCREMENT=34;

--
-- AUTO_INCREMENT dla tabeli `failed_jobs`
--
ALTER TABLE `failed_jobs`
  MODIFY `id` bigint(20) UNSIGNED NOT NULL AUTO_INCREMENT;

--
-- AUTO_INCREMENT dla tabeli `migrations`
--
ALTER TABLE `migrations`
  MODIFY `id` int(10) UNSIGNED NOT NULL AUTO_INCREMENT, AUTO_INCREMENT=57;

--
-- AUTO_INCREMENT dla tabeli `players`
--
ALTER TABLE `players`
  MODIFY `id` bigint(20) UNSIGNED NOT NULL AUTO_INCREMENT, AUTO_INCREMENT=237;

--
-- AUTO_INCREMENT dla tabeli `roles`
--
ALTER TABLE `roles`
  MODIFY `id` int(10) UNSIGNED NOT NULL AUTO_INCREMENT, AUTO_INCREMENT=4;

--
-- AUTO_INCREMENT dla tabeli `role_user`
--
ALTER TABLE `role_user`
  MODIFY `id` int(10) UNSIGNED NOT NULL AUTO_INCREMENT, AUTO_INCREMENT=10;

--
-- AUTO_INCREMENT dla tabeli `team`
--
ALTER TABLE `team`
  MODIFY `id` bigint(20) UNSIGNED NOT NULL AUTO_INCREMENT, AUTO_INCREMENT=17;

--
-- AUTO_INCREMENT dla tabeli `team_user`
--
ALTER TABLE `team_user`
  MODIFY `id` bigint(20) UNSIGNED NOT NULL AUTO_INCREMENT, AUTO_INCREMENT=17;

--
-- AUTO_INCREMENT dla tabeli `users`
--
ALTER TABLE `users`
  MODIFY `id` bigint(20) UNSIGNED NOT NULL AUTO_INCREMENT, AUTO_INCREMENT=10;

--
-- AUTO_INCREMENT dla tabeli `user_tactics`
--
ALTER TABLE `user_tactics`
  MODIFY `id` bigint(20) UNSIGNED NOT NULL AUTO_INCREMENT, AUTO_INCREMENT=9;
COMMIT;

/*!40101 SET CHARACTER_SET_CLIENT=@OLD_CHARACTER_SET_CLIENT */;
/*!40101 SET CHARACTER_SET_RESULTS=@OLD_CHARACTER_SET_RESULTS */;
/*!40101 SET COLLATION_CONNECTION=@OLD_COLLATION_CONNECTION */;
